{"learnrate": 2.3875983329839177e-10, "training_loss_history": [3.36637950860537, 1.7100012669196496, 1.359375806955191, 1.1953355039541538, 1.1006339146540716, 1.0321610226080968, 0.9532491003091519, 0.9435267207714227, 0.9390673270592322, 0.9469366291394601, 0.9259361280844762, 0.9334760824075112, 0.8842126979277685, 0.855429429274339, 0.8499399480911402, 0.8297577248169825, 0.8406963967359983, 0.8382648905882468, 0.8562814742326736, 0.8033514194763623, 0.8175610177792035, 0.8503129012309588, 0.7599714014392632, 0.7558041667708983, 0.7119690735752766, 0.7130368965176436, 0.7118792000871438, 0.7042301887503037, 0.6981766097820722, 0.7044509689395244, 0.7171920629648062, 0.6677314197787871, 0.6569007457448885, 0.6098692164971278, 0.6330954890984756, 0.6273748301542722, 0.6188614941560305, 0.5924897847267298, 0.5934438481926918, 0.5923018317956191, 0.5942560033156321, 0.5740521510060017, 0.5713434597620597, 0.5887302739115862, 0.6007782048903979, 0.5778125427090205, 0.5626238177602108, 0.549041139964874, 0.534718092244405, 0.536363501388293, 0.5572422095216237, 0.542733751810514, 0.5066947495708098, 0.5544921887608675, 0.5498444248850529, 0.5403982504056051, 0.524104798069367, 0.5459790940468128, 0.5407840666862634, 0.5442934603645251, 0.5905621292499396, 0.5287368349157847, 0.5442485138773918, 0.5369791388511658, 0.5386512720814118, 0.5433591667276162, 0.566898454267245, 0.5182758695804156, 0.5377189574333338, 0.5430471467284056, 0.5500829355934491, 0.5437368114407246, 0.5620058385225443, 0.524524891605744, 0.5264569520950317, 0.553628425185497, 0.5214566766069486, 0.547572961793496, 0.5426218452361914, 0.5553783143942173, 0.5490946219517634, 0.547920639698322, 0.526219927920745, 0.5566753177688673, 0.5362321058144937, 0.5391801733237046, 0.5414240881800652, 0.5299270164508086, 0.5327619554904791, 0.5223921629098746, 0.535937521320123, 0.5834496863759481, 0.5513522223784373, 0.5508649400793589, 0.565969501550381, 0.5307452369194764, 0.5389834785690675, 0.537658538382787, 0.5366657055341281, 0.568198174238205], "validate_loss_history": [1.6425390885426447, 0.8986775049796472, 0.6956272721290588, 0.6151919502478379, 0.5318731963634491, 0.4493791667314676, 0.4386076583312108, 0.41026757199030656, 0.4512913456329933, 0.4126952657332787, 0.4140632450580597, 0.4006258684855241, 0.35673934794389284, 0.3333727935185799, 0.3882010063299766, 0.34903392654198867, 0.3235386420901005, 0.4002459794282913, 0.36604044414483583, 0.3709954539170632, 0.347979051562456, 0.3530790794354219, 0.32681622012303424, 0.3246181458234787, 0.2933116343158942, 0.29411071424300855, 0.30304000412042326, 0.29965775402692646, 0.3033918451804381, 0.30712762475013733, 0.29202272169865096, 0.2820917751926642, 0.28707337150206935, 0.27317710507374543, 0.29785284801171374, 0.2750262893163241, 0.26695500830045116, 0.278866891677563, 0.2668804618028494, 0.25884312706497997, 0.2564813265433678, 0.2637747904429069, 0.2682307322437947, 0.2464256573181886, 0.24704179626244765, 0.2525184595814118, 0.24613711352531725, 0.23793175644599474, 0.2454402704651539, 0.2486304617845095, 0.23583861956229576, 0.24572401780348557, 0.23987861780019906, 0.24636167746323806, 0.24259962714635408, 0.2505463711344279, 0.24244719887009034, 0.24081567216377991, 0.2414163093154247, 0.2438718120639141, 0.24059750154041326, 0.25048302801755756, 0.24716594643317735, 0.23982272812953362, 0.24603198525997308, 0.24308673177774137, 0.2465360640333249, 0.24351929529355124, 0.24479226194895232, 0.24379872588010934, 0.24324693760046592, 0.23977418702382308, 0.24579642770382074, 0.24816040293528482, 0.24483158038212702, 0.25403127475426746, 0.24409943016675803, 0.24177147505375055, 0.24513313059623426, 0.2436218003814037, 0.24703471161998236, 0.24278188210267287, 0.24064068553539422, 0.24361706582399514, 0.24531922489404678, 0.2470902347793946, 0.24444959943111128, 0.23837248178628775, 0.2475848816908323, 0.24136702401133683, 0.2510103313968732, 0.2442662028165964, 0.24517337290140298, 0.24234508637052316, 0.24445006824456728, 0.24344577869543663, 0.24416103557898447, 0.24381457813657248, 0.24437189044860694, 0.24122192767950204], "epoch_on": 30, "running_count": 21, "weightdecay": 1e-05}