{"learnrate": 0.003, "training_loss_history": [4.621739387512207, 3.25504994392395, 2.212283134460449, 1.5202434062957764], "validate_loss_history": [4.7751347835247335, 5.652909865746131, 7.354361937596248, 9.279852280249962], "epoch_on": [], "running_count": 0, "weightdecay": 1e-05}