{"learnrate": 1.0968475320188921e-07, "training_loss_history": [4.9956539777609015, 3.505426581089313, 3.19314829661296, 3.0307723513016334, 2.9473319878944984, 2.8616987466812134, 2.793789478448721, 2.7586321922448964, 2.7278873920440674, 2.6902670034995446, 2.7028789749512305, 2.626188282783215, 2.6508300189788523, 2.598379291020907, 2.6227705845466027, 2.5734567504662733, 2.5936258022601786, 2.557612941815303, 2.588572974388416, 2.567274735524104, 2.5622142324080834, 2.5324627161026, 2.5476273802610545, 2.5555090262339664, 2.5488081391041097, 2.4822527216031003, 2.5081458412683926, 2.492466995349297, 2.5794063348036547, 2.2729828701569486, 1.750398344718493, 1.5514702567687402, 1.479786868278797, 1.3894550204277039, 1.3401525364472315, 1.3384700876015883, 1.3209061393370995, 1.2740220851623094, 1.3031252255806556, 1.259741560770915, 1.2358202670629208, 1.168821870134427, 1.1636848621643507, 1.1500364473232856, 1.177476214674803, 1.1990304852907474, 1.135148871403474, 1.0053399835641568, 0.9945876151323318, 0.9992137322059045, 0.9712452464378797, 1.0110218949042833, 0.9148344993591309, 0.9126740361635501, 0.849530326632353, 0.8861168909531373, 0.8731954132135098, 0.8740953413339762, 0.804639679308121, 0.8248152881860733, 0.8179999097035482, 0.7694476968966998, 0.7392949324387771, 0.7917953723898301, 0.815295201081496, 0.7493190902930039, 0.7250738069415092, 0.7355065357226592, 0.7133379125824342, 0.7420034064696386, 0.6949546147997563, 0.7143161491705821, 0.7161073707617246, 0.7009638513510044, 0.6952220694376872, 0.6944615926880103, 0.6990316298145515, 0.6780785104403129, 0.7134780127268571, 0.7176668386046703, 0.7281082667983495, 0.6834130567999986, 0.6993486938568262, 0.695894337617434, 0.72156583575102, 0.6800869456850566, 0.6806392956238526, 0.6790559962391853, 0.6767130562892327, 0.6832668511913373, 0.6780920458527712, 0.7085831050689404, 0.6667376338289335, 0.700189155454819, 0.6898069725586817, 0.6948141100314947, 0.6742781354830816, 0.6926592227358085, 0.6754391009990985, 0.6778095324452107], "validate_loss_history": [3.196040777059702, 2.693057812177218, 2.1369722347993116, 1.9985098105210524, 1.8596193698736339, 1.7818010678658118, 1.714119791984558, 1.8224272086070135, 1.614404559135437, 1.6653470993041992, 1.5927072029847364, 1.5345192230664766, 1.52308765741495, 1.4616328202761137, 1.5043301307238066, 1.5391994072840764, 1.4741622301248403, 1.5192044514876146, 1.498688055918767, 1.5559353094834547, 1.4472172535382783, 1.445777911406297, 1.4253286306674664, 1.4707369620983417, 1.4951735001343947, 1.4864854720922618, 1.4866540065178504, 1.4435436725616455, 1.5578322502282949, 1.1103564638357897, 0.8704813489547143, 0.7447448235291702, 0.7397248492791102, 0.687906054350046, 0.7367331156363854, 0.6007282367119422, 0.6186034404314481, 0.6243249544730554, 0.6146541054432209, 0.6158044017278231, 0.6006202330956092, 0.5403681833010453, 0.5391096770763397, 0.6001220116248498, 0.6048050912526938, 0.6157926137630756, 0.5668350687393775, 0.5340482753056747, 0.5826381811728845, 0.5791778151805584, 0.5331488698720932, 0.5303763735752839, 0.5973893747879908, 0.5397991560972654, 0.5701930270745204, 0.5331762089179113, 0.5302615830531487, 0.5105336411641195, 0.49687701578323656, 0.4805724620819092, 0.4966591860239322, 0.4858696781671964, 0.48650482640816617, 0.4828988233437905, 0.47960557158176714, 0.4924292186131844, 0.48131210528887236, 0.4679989138474831, 0.46454151891745055, 0.46212710440158844, 0.47329031847990477, 0.47343926017100996, 0.47511794016911435, 0.47294961603788227, 0.46697405582437146, 0.46924229195484746, 0.470141738653183, 0.46898787268079245, 0.46912326033298785, 0.4646989428080045, 0.4723508736261955, 0.46728464044057405, 0.4773328315753203, 0.46898203515089476, 0.4678098444755261, 0.4665199380654555, 0.4725095687004236, 0.465415086883765, 0.47575116272156054, 0.47073311989124006, 0.46912368673544663, 0.4673485469359618, 0.46899455671127027, 0.46951793478085446, 0.46627201025302595, 0.4663507972772305, 0.4732831372664525, 0.46629442503819096, 0.47232363201104677, 0.4646077545789572], "epoch_on": 45, "running_count": 21, "weightdecay": 1e-05}