{"learnrate": 0.003, "training_loss_history": [3.3706080730144796, 1.7773228608644926], "validate_loss_history": [1.6834845726306622, 0.944987430022313], "epoch_on": [], "running_count": 0, "weightdecay": 1e-05}