{"learnrate": 0.00108, "training_loss_history": [5.252490997314453, 0.6250889897346497, 0.01766945794224739, 9.452830585149618, 3.0087679578707767], "validate_loss_history": [22.026052474975586, 36.455933162144255, 47.0290892464774, 3.3083103043692454, 2.057519486972264], "epoch_on": 1, "running_count": 1, "weightdecay": 1e-05, "training_time": 4.6}