{"learnrate": 0.003, "training_loss_history": [9.172225713729858, 2.605440800006573], "validate_loss_history": [2.1708330374497633, 2.060441879125742], "epoch_on": [], "running_count": 0, "weightdecay": 1e-05, "training_time": 1608106637.3781428}