{"learnrate": 0.003, "training_loss_history": [3.8082577677873464, 1.8974910195057209], "validate_loss_history": [2.0260092478532057, 1.028709847193498], "epoch_on": [], "running_count": 0, "weightdecay": 1e-05}